<?xml version="1.0" encoding="utf-8"?>

<!--////////////////////////////////////////////////////////////////////////////////////////////////////////////////////////////
// Copyright (c) Autodesk, Inc. All rights reserved
// Written by Philippe Leefsma 2011 - ADN/Developer Technical Services
//
// Permission to use, copy, modify, and distribute this software in
// object code form for any purpose and without fee is hereby granted,
// provided that the above copyright notice appears in all copies and
// that both that copyright notice and the limited warranty and
// restricted rights notice below appear in all supporting
// documentation.
//
// AUTODESK PROVIDES THIS PROGRAM "AS IS" AND WITH ALL FAULTS.
// AUTODESK SPECIFICALLY DISCLAIMS ANY IMPLIED WARRANTY OF
// MERCHANTABILITY OR FITNESS FOR A PARTICULAR USE.  AUTODESK, INC.
// DOES NOT WARRANT THAT THE OPERATION OF THE PROGRAM WILL BE
// UNINTERRUPTED OR ERROR FREE.
////////////////////////////////////////////////////////////////////////////////////////////////////////////////////////////-->

<!-- This is an example! Replace with your own ribbon properties ... -->

<Ribbon>

  <RibbonTab ribbons="Assembly"
             internalName="id_TabTools" 
             displayName="Tools" 
             targetTab="" 
             insertBefore="false">
  
      <RibbonPanel internalName="Autodesk:FeatureMigrator:AsmPanel" 
                   displayName="Feature Migrator"
                   targetPanel="" 
                   insertBefore="false">

        <Button internalName="Autodesk.FeatureMigrator.FeatureMigratorAsmCtrlCmd" 
                  useLargeIcon="true" 
                  isInSlideout="false" 
                  targetControl="" 
                  insertBefore="false"/>
      
      </RibbonPanel>
  
  </RibbonTab>

  <RibbonTab ribbons="Part"
             internalName="id_TabTools"
             displayName="Tools"
             targetTab=""
             insertBefore="false">

    <RibbonPanel internalName="Autodesk:FeatureMigrator:PartPanel"
                 displayName="Feature Migrator"
                 targetPanel=""
                 insertBefore="false">

      <Button internalName="Autodesk.FeatureMigrator.FeatureMigratorPartCtrlCmd"
                useLargeIcon="true"
                isInSlideout="false"
                targetControl=""
                insertBefore="false"/>

    </RibbonPanel>

  </RibbonTab>

</Ribbon>